DataType,SortType,ArraySize,Threshold,Time_us
Random,Standard,500,0,18.6
Random,Hybrid,500,5,7.8
Random,Hybrid,500,10,5.2
Random,Hybrid,500,20,4.6
Random,Hybrid,500,30,3.8
Random,Hybrid,500,50,3.8
Random,Hybrid,500,100,4.4
Reversed,Standard,500,0,12.2
Reversed,Hybrid,500,5,5.2
Reversed,Hybrid,500,10,4
Reversed,Hybrid,500,20,7.4
Reversed,Hybrid,500,30,3
Reversed,Hybrid,500,50,4
Reversed,Hybrid,500,100,5.2
AlmostSorted,Standard,500,0,12.2
AlmostSorted,Hybrid,500,5,5.2
AlmostSorted,Hybrid,500,10,3
AlmostSorted,Hybrid,500,20,2.2
AlmostSorted,Hybrid,500,30,2
AlmostSorted,Hybrid,500,50,2
AlmostSorted,Hybrid,500,100,1
Random,Standard,1000,0,36.6
Random,Hybrid,1000,5,16.6
Random,Hybrid,1000,10,13.2
Random,Hybrid,1000,20,14.2
Random,Hybrid,1000,30,9.8
Random,Hybrid,1000,50,9.8
Random,Hybrid,1000,100,10.2
Reversed,Standard,1000,0,25.2
Reversed,Hybrid,1000,5,11.2
Reversed,Hybrid,1000,10,8.2
Reversed,Hybrid,1000,20,7.2
Reversed,Hybrid,1000,30,7
Reversed,Hybrid,1000,50,8.2
Reversed,Hybrid,1000,100,12
AlmostSorted,Standard,1000,0,25.8
AlmostSorted,Hybrid,1000,5,11.2
AlmostSorted,Hybrid,1000,10,7.6
AlmostSorted,Hybrid,1000,20,6
AlmostSorted,Hybrid,1000,30,6.2
AlmostSorted,Hybrid,1000,50,4.2
AlmostSorted,Hybrid,1000,100,3.2
Random,Standard,1500,0,57.2
Random,Hybrid,1500,5,29.6
Random,Hybrid,1500,10,22
Random,Hybrid,1500,20,19.6
Random,Hybrid,1500,30,16.4
Random,Hybrid,1500,50,16.8
Random,Hybrid,1500,100,20.6
Reversed,Standard,1500,0,39.2
Reversed,Hybrid,1500,5,21.8
Reversed,Hybrid,1500,10,15
Reversed,Hybrid,1500,20,12.2
Reversed,Hybrid,1500,30,12.2
Reversed,Hybrid,1500,50,17.8
Reversed,Hybrid,1500,100,40.8
AlmostSorted,Standard,1500,0,72.4
AlmostSorted,Hybrid,1500,5,33.8
AlmostSorted,Hybrid,1500,10,17.4
AlmostSorted,Hybrid,1500,20,18.8
AlmostSorted,Hybrid,1500,30,8.6
AlmostSorted,Hybrid,1500,50,7.2
AlmostSorted,Hybrid,1500,100,5.4
Random,Standard,2000,0,80.8
Random,Hybrid,2000,5,38
Random,Hybrid,2000,10,28.6
Random,Hybrid,2000,20,24.2
Random,Hybrid,2000,30,20.4
Random,Hybrid,2000,50,27.2
Random,Hybrid,2000,100,25
Reversed,Standard,2000,0,52.4
Reversed,Hybrid,2000,5,24.2
Reversed,Hybrid,2000,10,18.4
Reversed,Hybrid,2000,20,23.2
Reversed,Hybrid,2000,30,24.4
Reversed,Hybrid,2000,50,22.2
Reversed,Hybrid,2000,100,31.8
AlmostSorted,Standard,2000,0,61
AlmostSorted,Hybrid,2000,5,24
AlmostSorted,Hybrid,2000,10,17.6
AlmostSorted,Hybrid,2000,20,13.8
AlmostSorted,Hybrid,2000,30,17
AlmostSorted,Hybrid,2000,50,11.4
AlmostSorted,Hybrid,2000,100,9.2
Random,Standard,2500,0,123.4
Random,Hybrid,2500,5,57
Random,Hybrid,2500,10,40.4
Random,Hybrid,2500,20,32.2
Random,Hybrid,2500,30,25.6
Random,Hybrid,2500,50,31.4
Random,Hybrid,2500,100,76.4
Reversed,Standard,2500,0,114.6
Reversed,Hybrid,2500,5,52.2
Reversed,Hybrid,2500,10,43.8
Reversed,Hybrid,2500,20,42.6
Reversed,Hybrid,2500,30,42.8
Reversed,Hybrid,2500,50,44.6
Reversed,Hybrid,2500,100,82.6
AlmostSorted,Standard,2500,0,121.2
AlmostSorted,Hybrid,2500,5,42
AlmostSorted,Hybrid,2500,10,21
AlmostSorted,Hybrid,2500,20,17.4
AlmostSorted,Hybrid,2500,30,16.6
AlmostSorted,Hybrid,2500,50,14.4
AlmostSorted,Hybrid,2500,100,12.2
Random,Standard,3000,0,139.2
Random,Hybrid,3000,5,68
Random,Hybrid,3000,10,50.8
Random,Hybrid,3000,20,41.6
Random,Hybrid,3000,30,40.2
Random,Hybrid,3000,50,42
Random,Hybrid,3000,100,48
Reversed,Standard,3000,0,90.2
Reversed,Hybrid,3000,5,41.4
Reversed,Hybrid,3000,10,32.2
Reversed,Hybrid,3000,20,27.2
Reversed,Hybrid,3000,30,27.4
Reversed,Hybrid,3000,50,34.2
Reversed,Hybrid,3000,100,57.8
AlmostSorted,Standard,3000,0,82.2
AlmostSorted,Hybrid,3000,5,42
AlmostSorted,Hybrid,3000,10,39.4
AlmostSorted,Hybrid,3000,20,24
AlmostSorted,Hybrid,3000,30,20
AlmostSorted,Hybrid,3000,50,16.8
AlmostSorted,Hybrid,3000,100,15.4
Random,Standard,3500,0,187.8
Random,Hybrid,3500,5,91.2
Random,Hybrid,3500,10,60.8
Random,Hybrid,3500,20,50.8
Random,Hybrid,3500,30,51
Random,Hybrid,3500,50,37.2
Random,Hybrid,3500,100,52
Reversed,Standard,3500,0,95.2
Reversed,Hybrid,3500,5,47.4
Reversed,Hybrid,3500,10,36.2
Reversed,Hybrid,3500,20,31.4
Reversed,Hybrid,3500,30,33.4
Reversed,Hybrid,3500,50,33.2
Reversed,Hybrid,3500,100,43.2
AlmostSorted,Standard,3500,0,102.4
AlmostSorted,Hybrid,3500,5,53
AlmostSorted,Hybrid,3500,10,34.4
AlmostSorted,Hybrid,3500,20,27.6
AlmostSorted,Hybrid,3500,30,22.8
AlmostSorted,Hybrid,3500,50,22.2
AlmostSorted,Hybrid,3500,100,19.6
Random,Standard,4000,0,197
Random,Hybrid,4000,5,117.2
Random,Hybrid,4000,10,81.2
Random,Hybrid,4000,20,66
Random,Hybrid,4000,30,49.4
Random,Hybrid,4000,50,75.6
Random,Hybrid,4000,100,64.8
Reversed,Standard,4000,0,107.8
Reversed,Hybrid,4000,5,51.2
Reversed,Hybrid,4000,10,40.2
Reversed,Hybrid,4000,20,37
Reversed,Hybrid,4000,30,36.4
Reversed,Hybrid,4000,50,40.4
Reversed,Hybrid,4000,100,54.2
AlmostSorted,Standard,4000,0,110.4
AlmostSorted,Hybrid,4000,5,51.4
AlmostSorted,Hybrid,4000,10,38
AlmostSorted,Hybrid,4000,20,32.8
AlmostSorted,Hybrid,4000,30,44.6
AlmostSorted,Hybrid,4000,50,26
AlmostSorted,Hybrid,4000,100,22
Random,Standard,4500,0,258
Random,Hybrid,4500,5,151.8
Random,Hybrid,4500,10,109.8
Random,Hybrid,4500,20,94.2
Random,Hybrid,4500,30,70
Random,Hybrid,4500,50,86.4
Random,Hybrid,4500,100,79.4
Reversed,Standard,4500,0,125
Reversed,Hybrid,4500,5,56.4
Reversed,Hybrid,4500,10,45.2
Reversed,Hybrid,4500,20,42.8
Reversed,Hybrid,4500,30,42.2
Reversed,Hybrid,4500,50,48.2
Reversed,Hybrid,4500,100,67.6
AlmostSorted,Standard,4500,0,126.4
AlmostSorted,Hybrid,4500,5,61.2
AlmostSorted,Hybrid,4500,10,44.2
AlmostSorted,Hybrid,4500,20,35.4
AlmostSorted,Hybrid,4500,30,34.4
AlmostSorted,Hybrid,4500,50,29.8
AlmostSorted,Hybrid,4500,100,25.4
Random,Standard,5000,0,266.8
Random,Hybrid,5000,5,156.2
Random,Hybrid,5000,10,125.8
Random,Hybrid,5000,20,115.4
Random,Hybrid,5000,30,102.8
Random,Hybrid,5000,50,99.4
Random,Hybrid,5000,100,97.2
Reversed,Standard,5000,0,136.8
Reversed,Hybrid,5000,5,60.4
Reversed,Hybrid,5000,10,49.4
Reversed,Hybrid,5000,20,47.4
Reversed,Hybrid,5000,30,47.2
Reversed,Hybrid,5000,50,65
Reversed,Hybrid,5000,100,82
AlmostSorted,Standard,5000,0,188.2
AlmostSorted,Hybrid,5000,5,106
AlmostSorted,Hybrid,5000,10,81.4
AlmostSorted,Hybrid,5000,20,46.6
AlmostSorted,Hybrid,5000,30,37.2
AlmostSorted,Hybrid,5000,50,32
AlmostSorted,Hybrid,5000,100,28.2
Random,Standard,5500,0,311.2
Random,Hybrid,5500,5,191.4
Random,Hybrid,5500,10,164.8
Random,Hybrid,5500,20,141.4
Random,Hybrid,5500,30,135.2
Random,Hybrid,5500,50,117
Random,Hybrid,5500,100,115.2
Reversed,Standard,5500,0,151.2
Reversed,Hybrid,5500,5,71.4
Reversed,Hybrid,5500,10,61.2
Reversed,Hybrid,5500,20,53.4
Reversed,Hybrid,5500,30,53.2
Reversed,Hybrid,5500,50,68.2
Reversed,Hybrid,5500,100,95.4
AlmostSorted,Standard,5500,0,156.4
AlmostSorted,Hybrid,5500,5,72.8
AlmostSorted,Hybrid,5500,10,60
AlmostSorted,Hybrid,5500,20,49.2
AlmostSorted,Hybrid,5500,30,41.6
AlmostSorted,Hybrid,5500,50,36
AlmostSorted,Hybrid,5500,100,31.2
Random,Standard,6000,0,345.8
Random,Hybrid,6000,5,253.8
Random,Hybrid,6000,10,194.2
Random,Hybrid,6000,20,169.6
Random,Hybrid,6000,30,162.8
Random,Hybrid,6000,50,137.4
Random,Hybrid,6000,100,140.8
Reversed,Standard,6000,0,164.6
Reversed,Hybrid,6000,5,87.4
Reversed,Hybrid,6000,10,68.4
Reversed,Hybrid,6000,20,60.2
Reversed,Hybrid,6000,30,59.4
Reversed,Hybrid,6000,50,72.2
Reversed,Hybrid,6000,100,114.4
AlmostSorted,Standard,6000,0,169.4
AlmostSorted,Hybrid,6000,5,88.8
AlmostSorted,Hybrid,6000,10,67
AlmostSorted,Hybrid,6000,20,53.2
AlmostSorted,Hybrid,6000,30,46
AlmostSorted,Hybrid,6000,50,40.4
AlmostSorted,Hybrid,6000,100,38.4
Random,Standard,6500,0,374.6
Random,Hybrid,6500,5,262.8
Random,Hybrid,6500,10,227
Random,Hybrid,6500,20,241.4
Random,Hybrid,6500,30,194
Random,Hybrid,6500,50,173.4
Random,Hybrid,6500,100,167.6
Reversed,Standard,6500,0,179
Reversed,Hybrid,6500,5,95.4
Reversed,Hybrid,6500,10,73.4
Reversed,Hybrid,6500,20,64
Reversed,Hybrid,6500,30,81.4
Reversed,Hybrid,6500,50,84
Reversed,Hybrid,6500,100,88
AlmostSorted,Standard,6500,0,185.4
AlmostSorted,Hybrid,6500,5,98
AlmostSorted,Hybrid,6500,10,71.6
AlmostSorted,Hybrid,6500,20,57.6
AlmostSorted,Hybrid,6500,30,49.2
AlmostSorted,Hybrid,6500,50,47
AlmostSorted,Hybrid,6500,100,42.8
Random,Standard,7000,0,421.4
Random,Hybrid,7000,5,283
Random,Hybrid,7000,10,246.6
Random,Hybrid,7000,20,221.8
Random,Hybrid,7000,30,201.2
Random,Hybrid,7000,50,189.4
Random,Hybrid,7000,100,182.4
Reversed,Standard,7000,0,199.6
Reversed,Hybrid,7000,5,99.4
Reversed,Hybrid,7000,10,78.2
Reversed,Hybrid,7000,20,68.2
Reversed,Hybrid,7000,30,72.2
Reversed,Hybrid,7000,50,73
Reversed,Hybrid,7000,100,92.2
AlmostSorted,Standard,7000,0,205.6
AlmostSorted,Hybrid,7000,5,101.4
AlmostSorted,Hybrid,7000,10,75
AlmostSorted,Hybrid,7000,20,61.4
AlmostSorted,Hybrid,7000,30,51.6
AlmostSorted,Hybrid,7000,50,50.4
AlmostSorted,Hybrid,7000,100,45.4
Random,Standard,7500,0,451.4
Random,Hybrid,7500,5,309.8
Random,Hybrid,7500,10,311.6
Random,Hybrid,7500,20,246.4
Random,Hybrid,7500,30,226.6
Random,Hybrid,7500,50,210.2
Random,Hybrid,7500,100,216
Reversed,Standard,7500,0,232.8
Reversed,Hybrid,7500,5,103.2
Reversed,Hybrid,7500,10,81.2
Reversed,Hybrid,7500,20,75
Reversed,Hybrid,7500,30,82.8
Reversed,Hybrid,7500,50,95
Reversed,Hybrid,7500,100,136.2
AlmostSorted,Standard,7500,0,219
AlmostSorted,Hybrid,7500,5,113.6
AlmostSorted,Hybrid,7500,10,79.2
AlmostSorted,Hybrid,7500,20,64.2
AlmostSorted,Hybrid,7500,30,55
AlmostSorted,Hybrid,7500,50,56.6
AlmostSorted,Hybrid,7500,100,47.6
Random,Standard,8000,0,514.2
Random,Hybrid,8000,5,345.2
Random,Hybrid,8000,10,289.6
Random,Hybrid,8000,20,268.6
Random,Hybrid,8000,30,264.4
Random,Hybrid,8000,50,251.6
Random,Hybrid,8000,100,234.6
Reversed,Standard,8000,0,235.8
Reversed,Hybrid,8000,5,111.8
Reversed,Hybrid,8000,10,102.4
Reversed,Hybrid,8000,20,91.2
Reversed,Hybrid,8000,30,82.6
Reversed,Hybrid,8000,50,88.2
Reversed,Hybrid,8000,100,116.4
AlmostSorted,Standard,8000,0,244.8
AlmostSorted,Hybrid,8000,5,153.2
AlmostSorted,Hybrid,8000,10,83
AlmostSorted,Hybrid,8000,20,68
AlmostSorted,Hybrid,8000,30,66.6
AlmostSorted,Hybrid,8000,50,58.4
AlmostSorted,Hybrid,8000,100,50.4
Random,Standard,8500,0,513.6
Random,Hybrid,8500,5,354.6
Random,Hybrid,8500,10,311
Random,Hybrid,8500,20,286.4
Random,Hybrid,8500,30,288.8
Random,Hybrid,8500,50,264.2
Random,Hybrid,8500,100,247.8
Reversed,Standard,8500,0,244.4
Reversed,Hybrid,8500,5,113.6
Reversed,Hybrid,8500,10,93
Reversed,Hybrid,8500,20,86.2
Reversed,Hybrid,8500,30,86.2
Reversed,Hybrid,8500,50,95.4
Reversed,Hybrid,8500,100,133.6
AlmostSorted,Standard,8500,0,252.4
AlmostSorted,Hybrid,8500,5,114.8
AlmostSorted,Hybrid,8500,10,87.4
AlmostSorted,Hybrid,8500,20,73.2
AlmostSorted,Hybrid,8500,30,72.8
AlmostSorted,Hybrid,8500,50,63.2
AlmostSorted,Hybrid,8500,100,55
Random,Standard,9000,0,548
Random,Hybrid,9000,5,380.2
Random,Hybrid,9000,10,335.6
Random,Hybrid,9000,20,310.2
Random,Hybrid,9000,30,313.8
Random,Hybrid,9000,50,285.8
Random,Hybrid,9000,100,269.2
Reversed,Standard,9000,0,255.8
Reversed,Hybrid,9000,5,119.2
Reversed,Hybrid,9000,10,99.6
Reversed,Hybrid,9000,20,101.2
Reversed,Hybrid,9000,30,91.2
Reversed,Hybrid,9000,50,103.2
Reversed,Hybrid,9000,100,142.8
AlmostSorted,Standard,9000,0,264
AlmostSorted,Hybrid,9000,5,120.6
AlmostSorted,Hybrid,9000,10,92
AlmostSorted,Hybrid,9000,20,77.8
AlmostSorted,Hybrid,9000,30,77.6
AlmostSorted,Hybrid,9000,50,68.6
AlmostSorted,Hybrid,9000,100,58
Random,Standard,9500,0,736
Random,Hybrid,9500,5,394.2
Random,Hybrid,9500,10,353.2
Random,Hybrid,9500,20,325.4
Random,Hybrid,9500,30,320
Random,Hybrid,9500,50,312.8
Random,Hybrid,9500,100,287.4
Reversed,Standard,9500,0,294.2
Reversed,Hybrid,9500,5,121.8
Reversed,Hybrid,9500,10,101.4
Reversed,Hybrid,9500,20,96.2
Reversed,Hybrid,9500,30,171.6
Reversed,Hybrid,9500,50,153.4
Reversed,Hybrid,9500,100,158.6
AlmostSorted,Standard,9500,0,280
AlmostSorted,Hybrid,9500,5,124
AlmostSorted,Hybrid,9500,10,97
AlmostSorted,Hybrid,9500,20,79.6
AlmostSorted,Hybrid,9500,30,77.4
AlmostSorted,Hybrid,9500,50,71.8
AlmostSorted,Hybrid,9500,100,60.4
Random,Standard,10000,0,605.6
Random,Hybrid,10000,5,417.6
Random,Hybrid,10000,10,374.2
Random,Hybrid,10000,20,348.4
Random,Hybrid,10000,30,379.6
Random,Hybrid,10000,50,326
Random,Hybrid,10000,100,307.8
Reversed,Standard,10000,0,278
Reversed,Hybrid,10000,5,130
Reversed,Hybrid,10000,10,107.8
Reversed,Hybrid,10000,20,102
Reversed,Hybrid,10000,30,111.4
Reversed,Hybrid,10000,50,117.2
Reversed,Hybrid,10000,100,167.2
AlmostSorted,Standard,10000,0,290.4
AlmostSorted,Hybrid,10000,5,129
AlmostSorted,Hybrid,10000,10,98.4
AlmostSorted,Hybrid,10000,20,83
AlmostSorted,Hybrid,10000,30,81.4
AlmostSorted,Hybrid,10000,50,72.4
AlmostSorted,Hybrid,10000,100,65
Random,Standard,10500,0,656.2
Random,Hybrid,10500,5,455.4
Random,Hybrid,10500,10,413.6
Random,Hybrid,10500,20,394.8
Random,Hybrid,10500,30,373.2
Random,Hybrid,10500,50,353.6
Random,Hybrid,10500,100,337.8
Reversed,Standard,10500,0,310.8
Reversed,Hybrid,10500,5,137
Reversed,Hybrid,10500,10,114.2
Reversed,Hybrid,10500,20,127.8
Reversed,Hybrid,10500,30,107
Reversed,Hybrid,10500,50,126.2
Reversed,Hybrid,10500,100,183.8
AlmostSorted,Standard,10500,0,304.4
AlmostSorted,Hybrid,10500,5,140
AlmostSorted,Hybrid,10500,10,113
AlmostSorted,Hybrid,10500,20,100.6
AlmostSorted,Hybrid,10500,30,87.6
AlmostSorted,Hybrid,10500,50,75.8
AlmostSorted,Hybrid,10500,100,67
Random,Standard,11000,0,677.4
Random,Hybrid,11000,5,593.8
Random,Hybrid,11000,10,448.6
Random,Hybrid,11000,20,418.6
Random,Hybrid,11000,30,391.2
Random,Hybrid,11000,50,363
Random,Hybrid,11000,100,379.2
Reversed,Standard,11000,0,310
Reversed,Hybrid,11000,5,157
Reversed,Hybrid,11000,10,136.6
Reversed,Hybrid,11000,20,157
Reversed,Hybrid,11000,30,131
Reversed,Hybrid,11000,50,134.2
Reversed,Hybrid,11000,100,201
AlmostSorted,Standard,11000,0,317.4
AlmostSorted,Hybrid,11000,5,153.2
AlmostSorted,Hybrid,11000,10,127
AlmostSorted,Hybrid,11000,20,111.4
AlmostSorted,Hybrid,11000,30,93.6
AlmostSorted,Hybrid,11000,50,77.8
AlmostSorted,Hybrid,11000,100,69.8
Random,Standard,11500,0,711.2
Random,Hybrid,11500,5,522.6
Random,Hybrid,11500,10,490.6
Random,Hybrid,11500,20,444.8
Random,Hybrid,11500,30,411.2
Random,Hybrid,11500,50,386
Random,Hybrid,11500,100,371.2
Reversed,Standard,11500,0,323.8
Reversed,Hybrid,11500,5,166.2
Reversed,Hybrid,11500,10,139.4
Reversed,Hybrid,11500,20,119.2
Reversed,Hybrid,11500,30,119.2
Reversed,Hybrid,11500,50,143
Reversed,Hybrid,11500,100,233.8
AlmostSorted,Standard,11500,0,338.6
AlmostSorted,Hybrid,11500,5,168.8
AlmostSorted,Hybrid,11500,10,139.6
AlmostSorted,Hybrid,11500,20,115
AlmostSorted,Hybrid,11500,30,94.8
AlmostSorted,Hybrid,11500,50,82.6
AlmostSorted,Hybrid,11500,100,73.6
Random,Standard,12000,0,753.8
Random,Hybrid,12000,5,570
Random,Hybrid,12000,10,538.2
Random,Hybrid,12000,20,577.4
Random,Hybrid,12000,30,433.2
Random,Hybrid,12000,50,405.4
Random,Hybrid,12000,100,424.4
Reversed,Standard,12000,0,342.6
Reversed,Hybrid,12000,5,185.2
Reversed,Hybrid,12000,10,151
Reversed,Hybrid,12000,20,131.8
Reversed,Hybrid,12000,30,129.2
Reversed,Hybrid,12000,50,162
Reversed,Hybrid,12000,100,356
AlmostSorted,Standard,12000,0,347.6
AlmostSorted,Hybrid,12000,5,186.6
AlmostSorted,Hybrid,12000,10,143.6
AlmostSorted,Hybrid,12000,20,122.2
AlmostSorted,Hybrid,12000,30,99.8
AlmostSorted,Hybrid,12000,50,87.2
AlmostSorted,Hybrid,12000,100,78.6
Random,Standard,12500,0,778
Random,Hybrid,12500,5,587.6
Random,Hybrid,12500,10,544.4
Random,Hybrid,12500,20,496.2
Random,Hybrid,12500,30,472
Random,Hybrid,12500,50,436
Random,Hybrid,12500,100,438.4
Reversed,Standard,12500,0,373.2
Reversed,Hybrid,12500,5,197.4
Reversed,Hybrid,12500,10,160.6
Reversed,Hybrid,12500,20,132
Reversed,Hybrid,12500,30,174.4
Reversed,Hybrid,12500,50,202.8
Reversed,Hybrid,12500,100,276.8
AlmostSorted,Standard,12500,0,391.4
AlmostSorted,Hybrid,12500,5,204.6
AlmostSorted,Hybrid,12500,10,156.4
AlmostSorted,Hybrid,12500,20,132
AlmostSorted,Hybrid,12500,30,108.8
AlmostSorted,Hybrid,12500,50,97.6
AlmostSorted,Hybrid,12500,100,89.8
Random,Standard,13000,0,817.2
Random,Hybrid,13000,5,737.6
Random,Hybrid,13000,10,552.2
Random,Hybrid,13000,20,502.2
Random,Hybrid,13000,30,463.6
Random,Hybrid,13000,50,466.4
Random,Hybrid,13000,100,438.6
Reversed,Standard,13000,0,479.8
Reversed,Hybrid,13000,5,213
Reversed,Hybrid,13000,10,162.6
Reversed,Hybrid,13000,20,139.2
Reversed,Hybrid,13000,30,142.8
Reversed,Hybrid,13000,50,149.2
Reversed,Hybrid,13000,100,174.4
AlmostSorted,Standard,13000,0,386
AlmostSorted,Hybrid,13000,5,205.4
AlmostSorted,Hybrid,13000,10,153.6
AlmostSorted,Hybrid,13000,20,127.8
AlmostSorted,Hybrid,13000,30,107.4
AlmostSorted,Hybrid,13000,50,106.4
AlmostSorted,Hybrid,13000,100,95.2
Random,Standard,13500,0,852.6
Random,Hybrid,13500,5,644.8
Random,Hybrid,13500,10,569.6
Random,Hybrid,13500,20,529.6
Random,Hybrid,13500,30,486
Random,Hybrid,13500,50,489
Random,Hybrid,13500,100,461.2
Reversed,Standard,13500,0,386.4
Reversed,Hybrid,13500,5,216.6
Reversed,Hybrid,13500,10,162.2
Reversed,Hybrid,13500,20,142.4
Reversed,Hybrid,13500,30,150
Reversed,Hybrid,13500,50,149.2
Reversed,Hybrid,13500,100,191.2
AlmostSorted,Standard,13500,0,404.6
AlmostSorted,Hybrid,13500,5,211.4
AlmostSorted,Hybrid,13500,10,160.8
AlmostSorted,Hybrid,13500,20,129.8
AlmostSorted,Hybrid,13500,30,111.8
AlmostSorted,Hybrid,13500,50,122.6
AlmostSorted,Hybrid,13500,100,119.8
Random,Standard,14000,0,876.6
Random,Hybrid,14000,5,666
Random,Hybrid,14000,10,596.8
Random,Hybrid,14000,20,549.4
Random,Hybrid,14000,30,528
Random,Hybrid,14000,50,510
Random,Hybrid,14000,100,484
Reversed,Standard,14000,0,399.8
Reversed,Hybrid,14000,5,211.2
Reversed,Hybrid,14000,10,170.8
Reversed,Hybrid,14000,20,148.4
Reversed,Hybrid,14000,30,157.2
Reversed,Hybrid,14000,50,159.8
Reversed,Hybrid,14000,100,197.2
AlmostSorted,Standard,14000,0,513.8
AlmostSorted,Hybrid,14000,5,227.4
AlmostSorted,Hybrid,14000,10,173.8
AlmostSorted,Hybrid,14000,20,138.2
AlmostSorted,Hybrid,14000,30,119.4
AlmostSorted,Hybrid,14000,50,130.2
AlmostSorted,Hybrid,14000,100,108
Random,Standard,14500,0,920.2
Random,Hybrid,14500,5,688.2
Random,Hybrid,14500,10,621.2
Random,Hybrid,14500,20,572.6
Random,Hybrid,14500,30,527.6
Random,Hybrid,14500,50,530.6
Random,Hybrid,14500,100,515
Reversed,Standard,14500,0,424.8
Reversed,Hybrid,14500,5,240.2
Reversed,Hybrid,14500,10,186
Reversed,Hybrid,14500,20,159
Reversed,Hybrid,14500,30,168.8
Reversed,Hybrid,14500,50,181.4
Reversed,Hybrid,14500,100,211.4
AlmostSorted,Standard,14500,0,464.4
AlmostSorted,Hybrid,14500,5,234.4
AlmostSorted,Hybrid,14500,10,176.8
AlmostSorted,Hybrid,14500,20,142.8
AlmostSorted,Hybrid,14500,30,130.4
AlmostSorted,Hybrid,14500,50,128.6
AlmostSorted,Hybrid,14500,100,110.8
Random,Standard,15000,0,1008.8
Random,Hybrid,15000,5,713.4
Random,Hybrid,15000,10,652.2
Random,Hybrid,15000,20,594.6
Random,Hybrid,15000,30,558.8
Random,Hybrid,15000,50,684.6
Random,Hybrid,15000,100,512.8
Reversed,Standard,15000,0,424.4
Reversed,Hybrid,15000,5,221.2
Reversed,Hybrid,15000,10,177
Reversed,Hybrid,15000,20,157.6
Reversed,Hybrid,15000,30,170.2
Reversed,Hybrid,15000,50,173.2
Reversed,Hybrid,15000,100,220.4
AlmostSorted,Standard,15000,0,528.2
AlmostSorted,Hybrid,15000,5,226.8
AlmostSorted,Hybrid,15000,10,181.8
AlmostSorted,Hybrid,15000,20,154.4
AlmostSorted,Hybrid,15000,30,125.2
AlmostSorted,Hybrid,15000,50,126
AlmostSorted,Hybrid,15000,100,112.4
Random,Standard,15500,0,993.2
Random,Hybrid,15500,5,728.2
Random,Hybrid,15500,10,724.6
Random,Hybrid,15500,20,606.6
Random,Hybrid,15500,30,591.6
Random,Hybrid,15500,50,574.4
Random,Hybrid,15500,100,563.6
Reversed,Standard,15500,0,457.4
Reversed,Hybrid,15500,5,222.6
Reversed,Hybrid,15500,10,183.2
Reversed,Hybrid,15500,20,163.4
Reversed,Hybrid,15500,30,172.4
Reversed,Hybrid,15500,50,205.8
Reversed,Hybrid,15500,100,249.6
AlmostSorted,Standard,15500,0,457.2
AlmostSorted,Hybrid,15500,5,235
AlmostSorted,Hybrid,15500,10,181.6
AlmostSorted,Hybrid,15500,20,145.8
AlmostSorted,Hybrid,15500,30,153.8
AlmostSorted,Hybrid,15500,50,148.8
AlmostSorted,Hybrid,15500,100,112.2
Random,Standard,16000,0,1018
Random,Hybrid,16000,5,741
Random,Hybrid,16000,10,681.6
Random,Hybrid,16000,20,632.2
Random,Hybrid,16000,30,623.8
Random,Hybrid,16000,50,588
Random,Hybrid,16000,100,596.6
Reversed,Standard,16000,0,459.2
Reversed,Hybrid,16000,5,225.4
Reversed,Hybrid,16000,10,197.6
Reversed,Hybrid,16000,20,185.6
Reversed,Hybrid,16000,30,169.6
Reversed,Hybrid,16000,50,186.4
Reversed,Hybrid,16000,100,252.4
AlmostSorted,Standard,16000,0,470
AlmostSorted,Hybrid,16000,5,238.4
AlmostSorted,Hybrid,16000,10,179.4
AlmostSorted,Hybrid,16000,20,149.8
AlmostSorted,Hybrid,16000,30,150.4
AlmostSorted,Hybrid,16000,50,148
AlmostSorted,Hybrid,16000,100,116.6
Random,Standard,16500,0,1077.6
Random,Hybrid,16500,5,765.6
Random,Hybrid,16500,10,691.8
Random,Hybrid,16500,20,652.6
Random,Hybrid,16500,30,645.2
Random,Hybrid,16500,50,600
Random,Hybrid,16500,100,571.4
Reversed,Standard,16500,0,572.8
Reversed,Hybrid,16500,5,234.6
Reversed,Hybrid,16500,10,190.8
Reversed,Hybrid,16500,20,194.8
Reversed,Hybrid,16500,30,177.2
Reversed,Hybrid,16500,50,193.8
Reversed,Hybrid,16500,100,268.4
AlmostSorted,Standard,16500,0,504.8
AlmostSorted,Hybrid,16500,5,235.4
AlmostSorted,Hybrid,16500,10,215
AlmostSorted,Hybrid,16500,20,154.8
AlmostSorted,Hybrid,16500,30,150.8
AlmostSorted,Hybrid,16500,50,141
AlmostSorted,Hybrid,16500,100,120.2
Random,Standard,17000,0,1102.2
Random,Hybrid,17000,5,828.8
Random,Hybrid,17000,10,723.8
Random,Hybrid,17000,20,676.4
Random,Hybrid,17000,30,666
Random,Hybrid,17000,50,632.2
Random,Hybrid,17000,100,625.8
Reversed,Standard,17000,0,492.8
Reversed,Hybrid,17000,5,243
Reversed,Hybrid,17000,10,222.8
Reversed,Hybrid,17000,20,183
Reversed,Hybrid,17000,30,188
Reversed,Hybrid,17000,50,200.6
Reversed,Hybrid,17000,100,265.4
AlmostSorted,Standard,17000,0,513.6
AlmostSorted,Hybrid,17000,5,242.4
AlmostSorted,Hybrid,17000,10,191
AlmostSorted,Hybrid,17000,20,160.4
AlmostSorted,Hybrid,17000,30,156.4
AlmostSorted,Hybrid,17000,50,139.6
AlmostSorted,Hybrid,17000,100,123.6
Random,Standard,17500,0,1124.4
Random,Hybrid,17500,5,813.6
Random,Hybrid,17500,10,737.4
Random,Hybrid,17500,20,690
Random,Hybrid,17500,30,683
Random,Hybrid,17500,50,664
Random,Hybrid,17500,100,649
Reversed,Standard,17500,0,520.8
Reversed,Hybrid,17500,5,248.6
Reversed,Hybrid,17500,10,204
Reversed,Hybrid,17500,20,190.2
Reversed,Hybrid,17500,30,187.4
Reversed,Hybrid,17500,50,210
Reversed,Hybrid,17500,100,332.4
AlmostSorted,Standard,17500,0,548.8
AlmostSorted,Hybrid,17500,5,247.2
AlmostSorted,Hybrid,17500,10,198
AlmostSorted,Hybrid,17500,20,163.2
AlmostSorted,Hybrid,17500,30,164.8
AlmostSorted,Hybrid,17500,50,143.6
AlmostSorted,Hybrid,17500,100,135.6
Random,Standard,18000,0,1159.8
Random,Hybrid,18000,5,943.8
Random,Hybrid,18000,10,771.4
Random,Hybrid,18000,20,723.8
Random,Hybrid,18000,30,706.4
Random,Hybrid,18000,50,695
Random,Hybrid,18000,100,644.2
Reversed,Standard,18000,0,524.4
Reversed,Hybrid,18000,5,262.6
Reversed,Hybrid,18000,10,208
Reversed,Hybrid,18000,20,201.4
Reversed,Hybrid,18000,30,213.2
Reversed,Hybrid,18000,50,224.4
Reversed,Hybrid,18000,100,311.4
AlmostSorted,Standard,18000,0,561.6
AlmostSorted,Hybrid,18000,5,265.8
AlmostSorted,Hybrid,18000,10,207.6
AlmostSorted,Hybrid,18000,20,185.8
AlmostSorted,Hybrid,18000,30,185
AlmostSorted,Hybrid,18000,50,157
AlmostSorted,Hybrid,18000,100,140.4
Random,Standard,18500,0,1209
Random,Hybrid,18500,5,899
Random,Hybrid,18500,10,810.6
Random,Hybrid,18500,20,820.2
Random,Hybrid,18500,30,728.8
Random,Hybrid,18500,50,802
Random,Hybrid,18500,100,684.6
Reversed,Standard,18500,0,554
Reversed,Hybrid,18500,5,258.8
Reversed,Hybrid,18500,10,212.2
Reversed,Hybrid,18500,20,205
Reversed,Hybrid,18500,30,213.2
Reversed,Hybrid,18500,50,229
Reversed,Hybrid,18500,100,333.6
AlmostSorted,Standard,18500,0,585
AlmostSorted,Hybrid,18500,5,263.8
AlmostSorted,Hybrid,18500,10,217.4
AlmostSorted,Hybrid,18500,20,189.8
AlmostSorted,Hybrid,18500,30,172.2
AlmostSorted,Hybrid,18500,50,155.6
AlmostSorted,Hybrid,18500,100,146
Random,Standard,19000,0,1241.2
Random,Hybrid,19000,5,910.2
Random,Hybrid,19000,10,811.2
Random,Hybrid,19000,20,767.2
Random,Hybrid,19000,30,763.6
Random,Hybrid,19000,50,780.2
Random,Hybrid,19000,100,735.8
Reversed,Standard,19000,0,563.2
Reversed,Hybrid,19000,5,264.6
Reversed,Hybrid,19000,10,222
Reversed,Hybrid,19000,20,232
Reversed,Hybrid,19000,30,233.4
Reversed,Hybrid,19000,50,239.6
Reversed,Hybrid,19000,100,322.2
AlmostSorted,Standard,19000,0,568.2
AlmostSorted,Hybrid,19000,5,258.6
AlmostSorted,Hybrid,19000,10,206
AlmostSorted,Hybrid,19000,20,175
AlmostSorted,Hybrid,19000,30,177.2
AlmostSorted,Hybrid,19000,50,154.2
AlmostSorted,Hybrid,19000,100,136.6
Random,Standard,19500,0,1372.8
Random,Hybrid,19500,5,906.4
Random,Hybrid,19500,10,824.8
Random,Hybrid,19500,20,925.4
Random,Hybrid,19500,30,767
Random,Hybrid,19500,50,719.2
Random,Hybrid,19500,100,715
Reversed,Standard,19500,0,571.8
Reversed,Hybrid,19500,5,266
Reversed,Hybrid,19500,10,221.4
Reversed,Hybrid,19500,20,214.4
Reversed,Hybrid,19500,30,211.4
Reversed,Hybrid,19500,50,240.8
Reversed,Hybrid,19500,100,337.6
AlmostSorted,Standard,19500,0,585.6
AlmostSorted,Hybrid,19500,5,268.2
AlmostSorted,Hybrid,19500,10,216.4
AlmostSorted,Hybrid,19500,20,180.8
AlmostSorted,Hybrid,19500,30,180.8
AlmostSorted,Hybrid,19500,50,166.2
AlmostSorted,Hybrid,19500,100,141.6
Random,Standard,20000,0,1288.6
Random,Hybrid,20000,5,928.6
Random,Hybrid,20000,10,852
Random,Hybrid,20000,20,786.6
Random,Hybrid,20000,30,786.4
Random,Hybrid,20000,50,752.6
Random,Hybrid,20000,100,731.4
Reversed,Standard,20000,0,580.4
Reversed,Hybrid,20000,5,270.2
Reversed,Hybrid,20000,10,235.8
Reversed,Hybrid,20000,20,216.6
Reversed,Hybrid,20000,30,220.4
Reversed,Hybrid,20000,50,253.2
Reversed,Hybrid,20000,100,348.4
AlmostSorted,Standard,20000,0,646.6
AlmostSorted,Hybrid,20000,5,359.2
AlmostSorted,Hybrid,20000,10,214.2
AlmostSorted,Hybrid,20000,20,186
AlmostSorted,Hybrid,20000,30,182.4
AlmostSorted,Hybrid,20000,50,164
AlmostSorted,Hybrid,20000,100,144.8
Random,Standard,20500,0,1330.8
Random,Hybrid,20500,5,951
Random,Hybrid,20500,10,872.2
Random,Hybrid,20500,20,829
Random,Hybrid,20500,30,831.2
Random,Hybrid,20500,50,780.4
Random,Hybrid,20500,100,752.8
Reversed,Standard,20500,0,608.4
Reversed,Hybrid,20500,5,283
Reversed,Hybrid,20500,10,235
Reversed,Hybrid,20500,20,239
Reversed,Hybrid,20500,30,233.4
Reversed,Hybrid,20500,50,261.2
Reversed,Hybrid,20500,100,383.4
AlmostSorted,Standard,20500,0,625.4
AlmostSorted,Hybrid,20500,5,287.6
AlmostSorted,Hybrid,20500,10,228.6
AlmostSorted,Hybrid,20500,20,190
AlmostSorted,Hybrid,20500,30,198.4
AlmostSorted,Hybrid,20500,50,169
AlmostSorted,Hybrid,20500,100,159.6
Random,Standard,21000,0,1412.8
Random,Hybrid,21000,5,1013.4
Random,Hybrid,21000,10,937.2
Random,Hybrid,21000,20,882
Random,Hybrid,21000,30,841.4
Random,Hybrid,21000,50,788.8
Random,Hybrid,21000,100,768.8
Reversed,Standard,21000,0,619
Reversed,Hybrid,21000,5,294
Reversed,Hybrid,21000,10,253.6
Reversed,Hybrid,21000,20,233.4
Reversed,Hybrid,21000,30,234.8
Reversed,Hybrid,21000,50,270.8
Reversed,Hybrid,21000,100,384.4
AlmostSorted,Standard,21000,0,649.2
AlmostSorted,Hybrid,21000,5,298.4
AlmostSorted,Hybrid,21000,10,238.2
AlmostSorted,Hybrid,21000,20,209.6
AlmostSorted,Hybrid,21000,30,193.2
AlmostSorted,Hybrid,21000,50,178.8
AlmostSorted,Hybrid,21000,100,154.2
Random,Standard,21500,0,1407.6
Random,Hybrid,21500,5,1065.4
Random,Hybrid,21500,10,953.8
Random,Hybrid,21500,20,900
Random,Hybrid,21500,30,856.6
Random,Hybrid,21500,50,793.6
Random,Hybrid,21500,100,775.4
Reversed,Standard,21500,0,629.8
Reversed,Hybrid,21500,5,313.2
Reversed,Hybrid,21500,10,362
Reversed,Hybrid,21500,20,238
Reversed,Hybrid,21500,30,240.4
Reversed,Hybrid,21500,50,278.4
Reversed,Hybrid,21500,100,397.4
AlmostSorted,Standard,21500,0,649.8
AlmostSorted,Hybrid,21500,5,311.6
AlmostSorted,Hybrid,21500,10,254.8
AlmostSorted,Hybrid,21500,20,234.4
AlmostSorted,Hybrid,21500,30,203.4
AlmostSorted,Hybrid,21500,50,172.6
AlmostSorted,Hybrid,21500,100,157
Random,Standard,22000,0,1448.4
Random,Hybrid,22000,5,1070
Random,Hybrid,22000,10,1006.2
Random,Hybrid,22000,20,934.6
Random,Hybrid,22000,30,881
Random,Hybrid,22000,50,838.4
Random,Hybrid,22000,100,821.2
Reversed,Standard,22000,0,656
Reversed,Hybrid,22000,5,329
Reversed,Hybrid,22000,10,278.4
Reversed,Hybrid,22000,20,249.8
Reversed,Hybrid,22000,30,259
Reversed,Hybrid,22000,50,296.4
Reversed,Hybrid,22000,100,512.6
AlmostSorted,Standard,22000,0,684.2
AlmostSorted,Hybrid,22000,5,331.6
AlmostSorted,Hybrid,22000,10,284.6
AlmostSorted,Hybrid,22000,20,241.4
AlmostSorted,Hybrid,22000,30,202.8
AlmostSorted,Hybrid,22000,50,181
AlmostSorted,Hybrid,22000,100,212.8
Random,Standard,22500,0,1565.6
Random,Hybrid,22500,5,1124.6
Random,Hybrid,22500,10,1081.6
Random,Hybrid,22500,20,981.8
Random,Hybrid,22500,30,929.4
Random,Hybrid,22500,50,911
Random,Hybrid,22500,100,903.6
Reversed,Standard,22500,0,704.4
Reversed,Hybrid,22500,5,380.2
Reversed,Hybrid,22500,10,351.2
Reversed,Hybrid,22500,20,397
Reversed,Hybrid,22500,30,307
Reversed,Hybrid,22500,50,377.6
Reversed,Hybrid,22500,100,568.8
AlmostSorted,Standard,22500,0,732.4
AlmostSorted,Hybrid,22500,5,384.4
AlmostSorted,Hybrid,22500,10,322.4
AlmostSorted,Hybrid,22500,20,296.2
AlmostSorted,Hybrid,22500,30,237.6
AlmostSorted,Hybrid,22500,50,208.6
AlmostSorted,Hybrid,22500,100,215.4
Random,Standard,23000,0,1537
Random,Hybrid,23000,5,1171.4
Random,Hybrid,23000,10,1083
Random,Hybrid,23000,20,1024.2
Random,Hybrid,23000,30,968.6
Random,Hybrid,23000,50,916.6
Random,Hybrid,23000,100,907
Reversed,Standard,23000,0,724.8
Reversed,Hybrid,23000,5,391.6
Reversed,Hybrid,23000,10,339.6
Reversed,Hybrid,23000,20,307.6
Reversed,Hybrid,23000,30,321.4
Reversed,Hybrid,23000,50,396.8
Reversed,Hybrid,23000,100,580
AlmostSorted,Standard,23000,0,765
AlmostSorted,Hybrid,23000,5,430.8
AlmostSorted,Hybrid,23000,10,338.4
AlmostSorted,Hybrid,23000,20,295.4
AlmostSorted,Hybrid,23000,30,246.8
AlmostSorted,Hybrid,23000,50,242.2
AlmostSorted,Hybrid,23000,100,220.4
Random,Standard,23500,0,1609.2
Random,Hybrid,23500,5,1222.2
Random,Hybrid,23500,10,1222.2
Random,Hybrid,23500,20,1031
Random,Hybrid,23500,30,975.8
Random,Hybrid,23500,50,962.6
Random,Hybrid,23500,100,897.8
Reversed,Standard,23500,0,722
Reversed,Hybrid,23500,5,399.2
Reversed,Hybrid,23500,10,345
Reversed,Hybrid,23500,20,316.2
Reversed,Hybrid,23500,30,389.2
Reversed,Hybrid,23500,50,388.6
Reversed,Hybrid,23500,100,597.4
AlmostSorted,Standard,23500,0,754
AlmostSorted,Hybrid,23500,5,425.6
AlmostSorted,Hybrid,23500,10,361.8
AlmostSorted,Hybrid,23500,20,286.4
AlmostSorted,Hybrid,23500,30,257.6
AlmostSorted,Hybrid,23500,50,226.4
AlmostSorted,Hybrid,23500,100,210
Random,Standard,24000,0,1640.4
Random,Hybrid,24000,5,1254.6
Random,Hybrid,24000,10,1142.4
Random,Hybrid,24000,20,1071.4
Random,Hybrid,24000,30,987.4
Random,Hybrid,24000,50,951
Random,Hybrid,24000,100,988.4
Reversed,Standard,24000,0,769.2
Reversed,Hybrid,24000,5,513.6
Reversed,Hybrid,24000,10,365.8
Reversed,Hybrid,24000,20,328.4
Reversed,Hybrid,24000,30,351.4
Reversed,Hybrid,24000,50,433
Reversed,Hybrid,24000,100,614.6
AlmostSorted,Standard,24000,0,767
AlmostSorted,Hybrid,24000,5,436.8
AlmostSorted,Hybrid,24000,10,431.4
AlmostSorted,Hybrid,24000,20,290.6
AlmostSorted,Hybrid,24000,30,257
AlmostSorted,Hybrid,24000,50,233.8
AlmostSorted,Hybrid,24000,100,227.6
Random,Standard,24500,0,1648.4
Random,Hybrid,24500,5,1294.2
Random,Hybrid,24500,10,1191
Random,Hybrid,24500,20,1088.6
Random,Hybrid,24500,30,1024
Random,Hybrid,24500,50,986
Random,Hybrid,24500,100,989.8
Reversed,Standard,24500,0,780.8
Reversed,Hybrid,24500,5,441.2
Reversed,Hybrid,24500,10,354.2
Reversed,Hybrid,24500,20,323.2
Reversed,Hybrid,24500,30,346.6
Reversed,Hybrid,24500,50,420.6
Reversed,Hybrid,24500,100,666.6
AlmostSorted,Standard,24500,0,798
AlmostSorted,Hybrid,24500,5,457.8
AlmostSorted,Hybrid,24500,10,345.2
AlmostSorted,Hybrid,24500,20,294.4
AlmostSorted,Hybrid,24500,30,259.8
AlmostSorted,Hybrid,24500,50,232.4
AlmostSorted,Hybrid,24500,100,227.6
Random,Standard,25000,0,1696.8
Random,Hybrid,25000,5,1300
Random,Hybrid,25000,10,1196.6
Random,Hybrid,25000,20,1097.6
Random,Hybrid,25000,30,1044
Random,Hybrid,25000,50,997.4
Random,Hybrid,25000,100,1007
Reversed,Standard,25000,0,767.6
Reversed,Hybrid,25000,5,467.6
Reversed,Hybrid,25000,10,370.6
Reversed,Hybrid,25000,20,337.4
Reversed,Hybrid,25000,30,357.2
Reversed,Hybrid,25000,50,451.8
Reversed,Hybrid,25000,100,641.4
AlmostSorted,Standard,25000,0,813.2
AlmostSorted,Hybrid,25000,5,459.4
AlmostSorted,Hybrid,25000,10,358
AlmostSorted,Hybrid,25000,20,299.8
AlmostSorted,Hybrid,25000,30,270.6
AlmostSorted,Hybrid,25000,50,245.2
AlmostSorted,Hybrid,25000,100,221.6
Random,Standard,25500,0,1725
Random,Hybrid,25500,5,1339.4
Random,Hybrid,25500,10,1277.2
Random,Hybrid,25500,20,1193.2
Random,Hybrid,25500,30,1102
Random,Hybrid,25500,50,1063.6
Random,Hybrid,25500,100,1019
Reversed,Standard,25500,0,851.4
Reversed,Hybrid,25500,5,469.4
Reversed,Hybrid,25500,10,425
Reversed,Hybrid,25500,20,446
Reversed,Hybrid,25500,30,455.2
Reversed,Hybrid,25500,50,579.4
Reversed,Hybrid,25500,100,705.8
AlmostSorted,Standard,25500,0,914.4
AlmostSorted,Hybrid,25500,5,462.2
AlmostSorted,Hybrid,25500,10,377.8
AlmostSorted,Hybrid,25500,20,303.4
AlmostSorted,Hybrid,25500,30,269.6
AlmostSorted,Hybrid,25500,50,248
AlmostSorted,Hybrid,25500,100,228.2
Random,Standard,26000,0,1810.2
Random,Hybrid,26000,5,1381.2
Random,Hybrid,26000,10,1234
Random,Hybrid,26000,20,1143.6
Random,Hybrid,26000,30,1091.2
Random,Hybrid,26000,50,1068.4
Random,Hybrid,26000,100,1039.2
Reversed,Standard,26000,0,805.4
Reversed,Hybrid,26000,5,472.4
Reversed,Hybrid,26000,10,383.4
Reversed,Hybrid,26000,20,351.6
Reversed,Hybrid,26000,30,377.8
Reversed,Hybrid,26000,50,397.8
Reversed,Hybrid,26000,100,498.8
AlmostSorted,Standard,26000,0,950
AlmostSorted,Hybrid,26000,5,509.2
AlmostSorted,Hybrid,26000,10,392.4
AlmostSorted,Hybrid,26000,20,325.2
AlmostSorted,Hybrid,26000,30,312.4
AlmostSorted,Hybrid,26000,50,298.2
AlmostSorted,Hybrid,26000,100,263.6
Random,Standard,26500,0,2012
Random,Hybrid,26500,5,1801.4
Random,Hybrid,26500,10,1363.2
Random,Hybrid,26500,20,1225
Random,Hybrid,26500,30,1131.4
Random,Hybrid,26500,50,1111
Random,Hybrid,26500,100,1069.2
Reversed,Standard,26500,0,828
Reversed,Hybrid,26500,5,484.6
Reversed,Hybrid,26500,10,385
Reversed,Hybrid,26500,20,352.8
Reversed,Hybrid,26500,30,365.6
Reversed,Hybrid,26500,50,423.2
Reversed,Hybrid,26500,100,551.6
AlmostSorted,Standard,26500,0,862.4
AlmostSorted,Hybrid,26500,5,483.2
AlmostSorted,Hybrid,26500,10,384.4
AlmostSorted,Hybrid,26500,20,325.8
AlmostSorted,Hybrid,26500,30,305.8
AlmostSorted,Hybrid,26500,50,290.2
AlmostSorted,Hybrid,26500,100,260.4
Random,Standard,27000,0,1858.2
Random,Hybrid,27000,5,1420.4
Random,Hybrid,27000,10,1299
Random,Hybrid,27000,20,1239
Random,Hybrid,27000,30,1140.8
Random,Hybrid,27000,50,1145.6
Random,Hybrid,27000,100,1106.2
Reversed,Standard,27000,0,849.8
Reversed,Hybrid,27000,5,481.2
Reversed,Hybrid,27000,10,398.6
Reversed,Hybrid,27000,20,381.6
Reversed,Hybrid,27000,30,394
Reversed,Hybrid,27000,50,399
Reversed,Hybrid,27000,100,472.8
AlmostSorted,Standard,27000,0,886.4
AlmostSorted,Hybrid,27000,5,488.6
AlmostSorted,Hybrid,27000,10,404.6
AlmostSorted,Hybrid,27000,20,331.4
AlmostSorted,Hybrid,27000,30,303
AlmostSorted,Hybrid,27000,50,287.4
AlmostSorted,Hybrid,27000,100,265.2
Random,Standard,27500,0,1880
Random,Hybrid,27500,5,1448
Random,Hybrid,27500,10,1357.4
Random,Hybrid,27500,20,1224
Random,Hybrid,27500,30,1145
Random,Hybrid,27500,50,1199.6
Random,Hybrid,27500,100,1107.8
Reversed,Standard,27500,0,862.8
Reversed,Hybrid,27500,5,514.2
Reversed,Hybrid,27500,10,410.6
Reversed,Hybrid,27500,20,367
Reversed,Hybrid,27500,30,406.6
Reversed,Hybrid,27500,50,392.8
Reversed,Hybrid,27500,100,498.6
AlmostSorted,Standard,27500,0,905.8
AlmostSorted,Hybrid,27500,5,507.6
AlmostSorted,Hybrid,27500,10,394
AlmostSorted,Hybrid,27500,20,341.6
AlmostSorted,Hybrid,27500,30,298
AlmostSorted,Hybrid,27500,50,309.6
AlmostSorted,Hybrid,27500,100,273.4
Random,Standard,28000,0,1903.4
Random,Hybrid,28000,5,1470.6
Random,Hybrid,28000,10,1349.4
Random,Hybrid,28000,20,1245.4
Random,Hybrid,28000,30,1323.6
Random,Hybrid,28000,50,1192.4
Random,Hybrid,28000,100,1133.4
Reversed,Standard,28000,0,883.2
Reversed,Hybrid,28000,5,503
Reversed,Hybrid,28000,10,415.6
Reversed,Hybrid,28000,20,379.8
Reversed,Hybrid,28000,30,406
Reversed,Hybrid,28000,50,410.2
Reversed,Hybrid,28000,100,510.2
AlmostSorted,Standard,28000,0,925.2
AlmostSorted,Hybrid,28000,5,510.8
AlmostSorted,Hybrid,28000,10,410
AlmostSorted,Hybrid,28000,20,346.4
AlmostSorted,Hybrid,28000,30,372.6
AlmostSorted,Hybrid,28000,50,302.8
AlmostSorted,Hybrid,28000,100,273.2
Random,Standard,28500,0,1903.2
Random,Hybrid,28500,5,1474.8
Random,Hybrid,28500,10,1344.4
Random,Hybrid,28500,20,1331.6
Random,Hybrid,28500,30,1264.2
Random,Hybrid,28500,50,1334.8
Random,Hybrid,28500,100,1228.4
Reversed,Standard,28500,0,977.8
Reversed,Hybrid,28500,5,562.6
Reversed,Hybrid,28500,10,500.8
Reversed,Hybrid,28500,20,419.2
Reversed,Hybrid,28500,30,423.6
Reversed,Hybrid,28500,50,461.4
Reversed,Hybrid,28500,100,532.2
AlmostSorted,Standard,28500,0,984.8
AlmostSorted,Hybrid,28500,5,505.4
AlmostSorted,Hybrid,28500,10,400.6
AlmostSorted,Hybrid,28500,20,354.8
AlmostSorted,Hybrid,28500,30,308.4
AlmostSorted,Hybrid,28500,50,310.2
AlmostSorted,Hybrid,28500,100,279
Random,Standard,29000,0,1973.2
Random,Hybrid,29000,5,1521
Random,Hybrid,29000,10,1366.4
Random,Hybrid,29000,20,1270.8
Random,Hybrid,29000,30,1215.4
Random,Hybrid,29000,50,1209.4
Random,Hybrid,29000,100,1191.2
Reversed,Standard,29000,0,900.2
Reversed,Hybrid,29000,5,494
Reversed,Hybrid,29000,10,401.8
Reversed,Hybrid,29000,20,378
Reversed,Hybrid,29000,30,399.6
Reversed,Hybrid,29000,50,430.2
Reversed,Hybrid,29000,100,472.8
AlmostSorted,Standard,29000,0,928.8
AlmostSorted,Hybrid,29000,5,495.6
AlmostSorted,Hybrid,29000,10,390.6
AlmostSorted,Hybrid,29000,20,343.2
AlmostSorted,Hybrid,29000,30,317.8
AlmostSorted,Hybrid,29000,50,283.6
AlmostSorted,Hybrid,29000,100,265.8
Random,Standard,29500,0,1968.4
Random,Hybrid,29500,5,1521.2
Random,Hybrid,29500,10,1370.2
Random,Hybrid,29500,20,1294
Random,Hybrid,29500,30,1201.8
Random,Hybrid,29500,50,1211.4
Random,Hybrid,29500,100,1178.4
Reversed,Standard,29500,0,898.6
Reversed,Hybrid,29500,5,488.4
Reversed,Hybrid,29500,10,425
Reversed,Hybrid,29500,20,381.8
Reversed,Hybrid,29500,30,411.4
Reversed,Hybrid,29500,50,394.6
Reversed,Hybrid,29500,100,492.8
AlmostSorted,Standard,29500,0,927
AlmostSorted,Hybrid,29500,5,583.8
AlmostSorted,Hybrid,29500,10,389.4
AlmostSorted,Hybrid,29500,20,344.6
AlmostSorted,Hybrid,29500,30,307.8
AlmostSorted,Hybrid,29500,50,291.8
AlmostSorted,Hybrid,29500,100,284.6
Random,Standard,30000,0,2116.8
Random,Hybrid,30000,5,1607.6
Random,Hybrid,30000,10,1554
Random,Hybrid,30000,20,1323.6
Random,Hybrid,30000,30,1320.8
Random,Hybrid,30000,50,1245.2
Random,Hybrid,30000,100,1345
Reversed,Standard,30000,0,920.2
Reversed,Hybrid,30000,5,513.8
Reversed,Hybrid,30000,10,547.2
Reversed,Hybrid,30000,20,372.8
Reversed,Hybrid,30000,30,405.4
Reversed,Hybrid,30000,50,395.8
Reversed,Hybrid,30000,100,486.2
AlmostSorted,Standard,30000,0,943.8
AlmostSorted,Hybrid,30000,5,516
AlmostSorted,Hybrid,30000,10,410.2
AlmostSorted,Hybrid,30000,20,346.8
AlmostSorted,Hybrid,30000,30,298
AlmostSorted,Hybrid,30000,50,300.6
AlmostSorted,Hybrid,30000,100,269.2
